Workbook

Sheet Dados
A1: Dados brutos — Agendamento, Reunião e Contrato fechado
A3: Agendamentos
A4: Executivo | B4: Jan | C4: Fev | D4: Mar | E4: Abr | F4: Mai | G4: Jun | H4: Jul | I4: Ago | J4: Set | K4: Out | L4: Nov | M4: Dez
A5: Luma | B5: 19 | C5: 25 | D5: 30 | E5: 40 | F5: 23 | G5: 33 | H5: 41
A6: Luiz | B6: 26 | C6: 45 | D6: 61 | E6: 55 | F6: 30 | G6: 30 | H6: 42
A7: Higor/Jéssika | B7: 5 | C7: 3 | E7: 29 | F7: 30 | G7: 20
A8: Total | B8: =SUM(B5:B7) -> 50 | C8: =SUM(C5:C7) -> 73 | D8: =SUM(D5:D7) -> 91 | E8: =SUM(E5:E7) -> 124 | F8: =SUM(F5:F7) -> 83 | G8: =SUM(G5:G7) -> 83 | H8: =SUM(H5:H7) -> 83 | I8: =SUM(I5:I7) -> 0 | ... M8: =SUM(M5:M7) -> 0
A10: Reuniões realizadas
A11: Executivo | B11: Jan | C11: Fev | D11: Mar | E11: Abr | F11: Mai | G11: Jun | H11: Jul | I11: Ago | J11: Set | K11: Out | L11: Nov | M11: Dez
A12: Luma | B12: 12 | C12: 14 | D12: 21 | E12: 11 | F12: 17 | G12: 21 | H12: 30
A13: Luiz | B13: 15 | C13: 30 | D13: 49 | E13: 39 | F13: 21 | G13: 29 | H13: 35
A14: Higor/Jéssika | B14: 3 | C14: 0 | E14: 14 | F14: 13 | G14: 10
A15: Total | B15: =SUM(B12:B14) -> 30 | C15: =SUM(C12:C14) -> 44 | D15: =SUM(D12:D14) -> 70 | E15: =SUM(E12:E14) -> 64 | F15: =SUM(F12:F14) -> 51 | G15: =SUM(G12:G14) -> 60 | H15: =SUM(H12:H14) -> 65 | I15: =SUM(I12:I14) -> 0 | ... M15: =SUM(M12:M14) -> 0
A17: Contratos fechados (ganhos)
A18: Executivo | B18: Jan | C18: Fev | D18: Mar | E18: Abr | F18: Mai | G18: Jun | H18: Jul | I18: Ago | J18: Set | K18: Out | L18: Nov | M18: Dez
A19: Luma | B19: 3 | C19: 4 | D19: 6 | E19: 2 | F19: 3 | G19: 1 | H19: 4
A20: Luiz | B20: 3 | C20: 7 | D20: 4 | E20: 4 | F20: 6 | G20: 4 | H20: 3
A21: Higor/Jéssika | C21: 1
A22: Total | B22: =SUM(B19:B21) -> 6 | C22: =SUM(C19:C21) -> 12 | D22: =SUM(D19:D21) -> 10 | E22: =SUM(E19:E21) -> 6 | F22: =SUM(F19:F21) -> 9 | G22: =SUM(G19:G21) -> 5 | H22: =SUM(H19:H21) -> 7 | I22: =SUM(I19:I21) -> 0 | ... M22: =SUM(M19:M21) -> 0

Sheet Indicadores
A1: Indicadores de aproveitamento do funil comercial
A3: Agendamento → Reunião (reuniões / agendamentos)
A4: Executivo | B4: Jan | C4: Fev | D4: Mar | E4: Abr | F4: Mai | G4: Jun | H4: Jul | I4: Acumulado
A5: Luma | B5: =IFERROR(Dados!B12/Dados!B5,"") -> 0.63157895 | C5: =IFERROR(Dados!C12/Dados!C5,"") -> 0.56 | D5: =IFERROR(Dados!D12/Dados!D5,"") -> 0.7 | E5: =IFERROR(Dados!E12/Dados!E5,"") -> 0.275 | F5: =IFERROR(Dados!F12/Dados!F5,"") -> 0.73913043 | G5: =IFERROR(Dados!G12/Dados!G5,"") -> 0.63636364 | H5: =IFERROR(Dados!H12/Dados!H5,"") -> 0.73170732 | I5: =IFERROR(SUM(Dados!B12:G12)/SUM(Dados!B5:G5),"") -> 0.56470588
A6: Luiz | B6: =IFERROR(Dados!B13/Dados!B6,"") -> 0.57692308 | C6: =IFERROR(Dados!C13/Dados!C6,"") -> 0.66666667 | D6: =IFERROR(Dados!D13/Dados!D6,"") -> 0.80327869 | E6: =IFERROR(Dados!E13/Dados!E6,"") -> 0.70909091 | F6: =IFERROR(Dados!F13/Dados!F6,"") -> 0.7 | G6: =IFERROR(Dados!G13/Dados!G6,"") -> 0.96666667 | H6: =IFERROR(Dados!H13/Dados!H6,"") -> 0.83333333 | I6: =IFERROR(SUM(Dados!B13:G13)/SUM(Dados!B6:G6),"") -> 0.74089069
A7: Higor/Jéssika | B7: =IFERROR(Dados!B14/Dados!B7,"") -> 0.6 | C7: =IFERROR(Dados!C14/Dados!C7,"") -> 0 | D7: =IFERROR(Dados!D14/Dados!D7,"") | E7: =IFERROR(Dados!E14/Dados!E7,"") -> 0.48275862 | F7: =IFERROR(Dados!F14/Dados!F7,"") -> 0.43333333 | G7: =IFERROR(Dados!G14/Dados!G7,"") -> 0.5 | H7: =IFERROR(Dados!H14/Dados!H7,"") | I7: =IFERROR(SUM(Dados!B14:G14)/SUM(Dados!B7:G7),"") -> 0.45977011
A8: Geral | B8: =IFERROR(Dados!B15/Dados!B8,"") -> 0.6 | C8: =IFERROR(Dados!C15/Dados!C8,"") -> 0.60273973 | D8: =IFERROR(Dados!D15/Dados!D8,"") -> 0.76923077 | E8: =IFERROR(Dados!E15/Dados!E8,"") -> 0.51612903 | F8: =IFERROR(Dados!F15/Dados!F8,"") -> 0.61445783 | G8: =IFERROR(Dados!G15/Dados!G8,"") -> 0.72289157 | I8: =IFERROR(SUM(Dados!B15:G15)/SUM(Dados!B8:G8),"") -> 0.63293651
A10: Reunião → Contrato (ganhos / reuniões realizadas)
A11: Executivo | B11: Jan | C11: Fev | D11: Mar | E11: Abr | F11: Mai | G11: Jun | H11: Jul | I11: Acumulado
A12: Luma | B12: =IFERROR(Dados!B19/Dados!B12,"") -> 0.25 | C12: =IFERROR(Dados!C19/Dados!C12,"") -> 0.28571429 | D12: =IFERROR(Dados!D19/Dados!D12,"") -> 0.28571429 | E12: =IFERROR(Dados!E19/Dados!E12,"") -> 0.18181818 | F12: =IFERROR(Dados!F19/Dados!F12,"") -> 0.17647059 | G12: =IFERROR(Dados!G19/Dados!G12,"") -> 0.047619048 | H12: =IFERROR(Dados!H19/Dados!H12,"") -> 0.13333333 | I12: =IFERROR(SUM(Dados!B19:G19)/SUM(Dados!B12:G12),"") -> 0.19791667
A13: Luiz | B13: =IFERROR(Dados!B20/Dados!B13,"") -> 0.2 | C13: =IFERROR(Dados!C20/Dados!C13,"") -> 0.23333333 | D13: =IFERROR(Dados!D20/Dados!D13,"") -> 0.081632653 | E13: =IFERROR(Dados!E20/Dados!E13,"") -> 0.1025641 | F13: =IFERROR(Dados!F20/Dados!F13,"") -> 0.28571429 | G13: =IFERROR(Dados!G20/Dados!G13,"") -> 0.13793103 | H13: =IFERROR(Dados!H20/Dados!H13,"") -> 0.085714286 | I13: =IFERROR(SUM(Dados!B20:G20)/SUM(Dados!B13:G13),"") -> 0.15300546
A14: Higor/Jéssika | B14: =IFERROR(Dados!B21/Dados!B14,"") -> 0 | C14: =IFERROR(Dados!C21/Dados!C14,"") | D14: =IFERROR(Dados!D21/Dados!D14,"") | E14: =IFERROR(Dados!E21/Dados!E14,"") -> 0 | F14: =IFERROR(Dados!F21/Dados!F14,"") -> 0 | G14: =IFERROR(Dados!G21/Dados!G14,"") -> 0 | H14: =IFERROR(Dados!H21/Dados!H14,"") | I14: =IFERROR(SUM(Dados!B21:G21)/SUM(Dados!B14:G14),"") -> 0.025
A15: Geral | B15: =IFERROR(Dados!B22/Dados!B15,"") -> 0.2 | C15: =IFERROR(Dados!C22/Dados!C15,"") -> 0.27272727 | D15: =IFERROR(Dados!D22/Dados!D15,"") -> 0.14285714 | E15: =IFERROR(Dados!E22/Dados!E15,"") -> 0.09375 | F15: =IFERROR(Dados!F22/Dados!F15,"") -> 0.17647059 | G15: =IFERROR(Dados!G22/Dados!G15,"") -> 0.083333333 | I15: =IFERROR(SUM(Dados!B22:G22)/SUM(Dados!B15:G15),"") -> 0.15047022
A17: Funil completo (ganhos / agendamentos)
A18: Executivo | B18: Jan | C18: Fev | D18: Mar | E18: Abr | F18: Mai | G18: Jun | H18: Jul | I18: Acumulado
A19: Luma | B19: =IFERROR(Dados!B19/Dados!B5,"") -> 0.15789474 | C19: =IFERROR(Dados!C19/Dados!C5,"") -> 0.16 | D19: =IFERROR(Dados!D19/Dados!D5,"") -> 0.2 | E19: =IFERROR(Dados!E19/Dados!E5,"") -> 0.05 | F19: =IFERROR(Dados!F19/Dados!F5,"") -> 0.13043478 | G19: =IFERROR(Dados!G19/Dados!G5,"") -> 0.03030303 | H19: =IFERROR(Dados!H19/Dados!H5,"") -> 0.097560976 | I19: =IFERROR(SUM(Dados!B19:G19)/SUM(Dados!B5:G5),"") -> 0.11176471
A20: Luiz | B20: =IFERROR(Dados!B20/Dados!B6,"") -> 0.11538462 | C20: =IFERROR(Dados!C20/Dados!C6,"") -> 0.15555556 | D20: =IFERROR(Dados!D20/Dados!D6,"") -> 0.06557377 | E20: =IFERROR(Dados!E20/Dados!E6,"") -> 0.072727273 | F20: =IFERROR(Dados!F20/Dados!F6,"") -> 0.2 | G20: =IFERROR(Dados!G20/Dados!G6,"") -> 0.13333333 | H20: =IFERROR(Dados!H20/Dados!H6,"") -> 0.071428571 | I20: =IFERROR(SUM(Dados!B20:G20)/SUM(Dados!B6:G6),"") -> 0.11336032
A21: Higor/Jéssika | B21: =IFERROR(Dados!B21/Dados!B7,"") -> 0 | C21: =IFERROR(Dados!C21/Dados!C7,"") -> 0.33333333 | D21: =IFERROR(Dados!D21/Dados!D7,"") | E21: =IFERROR(Dados!E21/Dados!E7,"") -> 0 | F21: =IFERROR(Dados!F21/Dados!F7,"") -> 0 | G21: =IFERROR(Dados!G21/Dados!G7,"") -> 0 | H21: =IFERROR(Dados!H21/Dados!H7,"") | I21: =IFERROR(SUM(Dados!B21:G21)/SUM(Dados!B7:G7),"") -> 0.011494253
A22: Geral | B22: =IFERROR(Dados!B22/Dados!B8,"") -> 0.12 | C22: =IFERROR(Dados!C22/Dados!C8,"") -> 0.16438356 | D22: =IFERROR(Dados!D22/Dados!D8,"") -> 0.10989011 | E22: =IFERROR(Dados!E22/Dados!E8,"") -> 0.048387097 | F22: =IFERROR(Dados!F22/Dados!F8,"") -> 0.10843373 | G22: =IFERROR(Dados!G22/Dados!G8,"") -> 0.060240964 | I22: =IFERROR(SUM(Dados!B22:G22)/SUM(Dados!B8:G8),"") -> 0.095238095
A25: Evolução / involução mensal — Funil completo (geral)
A26: Indicador | B26: Jan | C26: Fev | D26: Mar | E26: Abr | F26: Mai | G26: Jun | H26: Jul
A27: Índice do mês | B27: =B22 -> 0.12 | C27: =C22 -> 0.16438356 | D27: =D22 -> 0.10989011 | E27: =E22 -> 0.048387097 | F27: =F22 -> 0.10843373 | G27: =G22 -> 0.060240964 | H27: =H22 -> 0
A28: Variação vs. mês anterior (p.p.) | C28: =IFERROR((C27-B27),"") -> 0.044383562 | D28: =IFERROR((D27-C27),"") -> -0.054493452 | E28: =IFERROR((E27-D27),"") -> -0.061503013 | F28: =IFERROR((F27-E27),"") -> 0.060046638 | G28: =IFERROR((G27-F27),"") -> -0.048192771 | H28: =IFERROR((H27-G27),"") -> -0.060240964
A29: Status | B29: — | C29: =IF(C28="","—",IF(C28>=0,"Evolução","Involução")) -> Evolução | D29: =IF(D28="","—",IF(D28>=0,"Evolução","Involução")) -> Involução | E29: =IF(E28="","—",IF(E28>=0,"Evolução","Involução")) -> Involução | F29: =IF(F28="","—",IF(F28>=0,"Evolução","Involução")) -> Evolução | G29: =IF(G28="","—",IF(G28>=0,"Evolução","Involução")) -> Involução | H29: =IF(H28="","—",IF(H28>=0,"Evolução","Involução")) -> Involução
